{
  "analysis_metadata": {
    "timestamp": "2025-09-01T22:47:19.827175",
    "kingdoms_analyzed": [
      "bacteria",
      "archaea",
      "fungi",
      "eukarya"
    ],
    "analysis_type": "Cross-Kingdom Gene Coupling Analysis",
    "version": "1.0.0"
  },
  "conservation_analysis": {
    "gc_content_analysis": {
      "bacteria": {
        "gc_content": 0.5079070985933456,
        "primary_frequency": 503480297747439.94,
        "therapeutic_derivative": 50.348
      },
      "archaea": {
        "gc_content": 0.3142651732146836,
        "primary_frequency": 502197880786110.4,
        "therapeutic_derivative": 50.219
      },
      "fungi": {
        "gc_content": 0.5452020139388378,
        "primary_frequency": 504549592003769.94,
        "therapeutic_derivative": 50.454
      },
      "eukarya": {
        "gc_content": 0.39270170012770506,
        "primary_frequency": 503222345776611.75,
        "therapeutic_derivative": 50.322
      }
    },
    "frequency_conservation": {
      "mean_frequency_hz": 503362529078483.0,
      "standard_deviation": 836517311690.0612,
      "coefficient_variation": 0.16618585281297996,
      "frequency_range": {
        "min": 502197880786110.4,
        "max": 504549592003769.94,
        "span_percentage": 0.467200294381247
      }
    },
    "base_composition_patterns": {
      "bacteria": {
        "A_ratio": 0.24619295026856816,
        "T_ratio": 0.2458999511380862,
        "G_ratio": 0.25366765970391575,
        "C_ratio": 0.2542394388894299,
        "purine_pyrimidine_ratio": 0.9994425952832534
      },
      "archaea": {
        "A_ratio": 0.344410696492462,
        "T_ratio": 0.3413241302928544,
        "G_ratio": 0.15890680660221254,
        "C_ratio": 0.15535836661247107,
        "purine_pyrimidine_ratio": 1.0133586470847868
      },
      "fungi": {
        "A_ratio": 0.22599766859297105,
        "T_ratio": 0.22880031746819118,
        "G_ratio": 0.2748580073910563,
        "C_ratio": 0.27034400654778146,
        "purine_pyrimidine_ratio": 1.0034285714285713
      },
      "eukarya": {
        "A_ratio": 0.30334726216021335,
        "T_ratio": 0.3039510377120816,
        "G_ratio": 0.19879418637986604,
        "C_ratio": 0.19390751374783902,
        "purine_pyrimidine_ratio": 1.008602638375096
      }
    }
  },
  "codon_conservation": {
    "shared_codons": "{'GAC', 'GTG', 'AGC', 'ACC', 'GTC', 'CTC', 'TTC', 'ACG', 'TAT', 'TGG', 'TTG', 'CTG', 'CTT', 'CAG', 'AGG', 'GGG', 'GCA', 'AAG', 'CGC', 'CCA', 'AAA', 'GAG', 'CAT', 'GAT', 'TAG', 'TCC', 'TTA', 'GAA', 'GCT', 'GTA', 'ATA', 'ACT', 'TCA', 'CAC', 'GGC', 'TAC', 'CTA', 'TTT', 'GGT', 'CGG', 'GCG', 'TGT', 'AAC', 'TGA', 'GCC', 'CCC', 'CCG', 'TAA', 'CCT', 'AAT', 'ATT', 'ACA', 'TGC', 'CGA', 'GTT', 'AGT', 'ATC', 'TCG', 'CAA', 'ATG', 'GGA', 'AGA', 'TCT', 'CGT'}",
    "kingdom_specific_preferences": {
      "bacteria": {
        "top_codons": [
          [
            "CGC",
            0.024766403161288947,
            "R"
          ],
          [
            "GCG",
            0.0246907835164686,
            "A"
          ],
          [
            "TTT",
            0.023811785935650913,
            "F"
          ],
          [
            "AAA",
            0.023378750362748082,
            "K"
          ],
          [
            "CAG",
            0.022442876467877487,
            "Q"
          ],
          [
            "CTG",
            0.02186571114459058,
            "L"
          ],
          [
            "GCA",
            0.02081414565636236,
            "A"
          ],
          [
            "TGC",
            0.020493570068064144,
            "C"
          ],
          [
            "GCC",
            0.02014261735748767,
            "A"
          ],
          [
            "GGC",
            0.020052778634154098,
            "G"
          ]
        ],
        "most_frequent_amino_acids": [
          [
            "A",
            3
          ],
          [
            "R",
            1
          ],
          [
            "F",
            1
          ],
          [
            "K",
            1
          ],
          [
            "Q",
            1
          ]
        ]
      },
      "archaea": {
        "top_codons": [
          [
            "AAA",
            0.052922913922558955,
            "K"
          ],
          [
            "TTT",
            0.05197152314420237,
            "F"
          ],
          [
            "ATT",
            0.039781828796508684,
            "I"
          ],
          [
            "AAT",
            0.03908270072453453,
            "N"
          ],
          [
            "TTA",
            0.038652052247210245,
            "L"
          ],
          [
            "TAA",
            0.03794571666933945,
            "*"
          ],
          [
            "ATA",
            0.036111406418644375,
            "I"
          ],
          [
            "TAT",
            0.03547894777621415,
            "Y"
          ],
          [
            "AGA",
            0.023784769458914515,
            "R"
          ],
          [
            "TCT",
            0.022876623715937777,
            "S"
          ]
        ],
        "most_frequent_amino_acids": [
          [
            "I",
            2
          ],
          [
            "K",
            1
          ],
          [
            "F",
            1
          ],
          [
            "N",
            1
          ],
          [
            "L",
            1
          ]
        ]
      },
      "fungi": {
        "top_codons": [
          [
            "TCG",
            0.024666279744631456,
            "S"
          ],
          [
            "CGA",
            0.024197508817357917,
            "R"
          ],
          [
            "GCG",
            0.02266470229325714,
            "A"
          ],
          [
            "GCA",
            0.022508445317499293,
            "A"
          ],
          [
            "GAG",
            0.02202479277348691,
            "E"
          ],
          [
            "TTG",
            0.021905739839576173,
            "L"
          ],
          [
            "TGC",
            0.02178668690566543,
            "C"
          ],
          [
            "CGC",
            0.02137000163697784,
            "R"
          ],
          [
            "GCT",
            0.02136256082860842,
            "A"
          ],
          [
            "AGC",
            0.021228626277958837,
            "S"
          ]
        ],
        "most_frequent_amino_acids": [
          [
            "A",
            3
          ],
          [
            "S",
            2
          ],
          [
            "R",
            2
          ],
          [
            "E",
            1
          ],
          [
            "L",
            1
          ]
        ]
      },
      "eukarya": {
        "top_codons": [
          [
            "AAA",
            0.03811621209554464,
            "K"
          ],
          [
            "TTT",
            0.03777740132136202,
            "F"
          ],
          [
            "AAT",
            0.02836888674598314,
            "N"
          ],
          [
            "ATT",
            0.02744367270879214,
            "I"
          ],
          [
            "GAA",
            0.026674832875070043,
            "E"
          ],
          [
            "TTG",
            0.023417036969467935,
            "L"
          ],
          [
            "ATA",
            0.0227394154211027,
            "I"
          ],
          [
            "CAA",
            0.02254394766676657,
            "Q"
          ],
          [
            "TAT",
            0.022413635830542487,
            "Y"
          ],
          [
            "TTA",
            0.021683889547687615,
            "L"
          ]
        ],