{
  "organism": "ecoli",
  "analysis_date": "2025-09-01T00:54:44.177262",
  "genome_info": {
    "accession": "NC_000913.3",
    "length_bp": 4641652,
    "filename": "data/genomes/ecoli_NC_000913.3.gb"
  },
  "nucleotide_frequencies": {
    "nucleotide_counts": {
      "A": 1142742,
      "T": 1141382,
      "G": 1177437,
      "C": 1180091,
      "N": 0
    },
    "nucleotide_proportions": {
      "A": 0.24619295026856816,
      "T": 0.2458999511380862,
      "G": 0.25366765970391575,
      "C": 0.2542394388894299
    },
    "gc_content": 0.5079070985933456,
    "at_content": 0.49209290140665435,
    "genome_base_frequency_hz": 503480297747439.94,
    "frequency_harmonics": {
      "fundamental": 503480297747439.94,
      "second_harmonic": 1006960595494879.9,
      "third_harmonic": 1510440893242319.8,
      "fifth_harmonic": 2517401488737199.5,
      "golden_harmonic": 814631121755357.9
    },
    "aramis_signature": "GENOME-NUC-482A2B04"
  },
  "codon_frequencies": {
    "codon_counts": {
      "AGC": 27036,
      "TTT": 36842,
      "TCA": 27739,
      "TTC": 28279,
      "TGA": 28127,
      "CTG": 33831,
      "CAA": 25191,
      "CGG": 28875,
      "GCA": 32204,
      "ATA": 21575,
      "TGT": 19593,
      "CTC": 14339,
      "GTG": 21764,
      "GAT": 28709,
      "TAA": 23054,
      "AAA": 36172,
      "AAG": 20798,
      "AGT": 16571,
      "GTC": 18214,
      "TAG": 8970,
      "CAG": 34724,
      "CTT": 21063,
      "AAC": 27363,
      "TGG": 28322,
      "TTA": 22989,
      "CCT": 17003,
      "GCC": 31165,
      "TAT": 21100,
      "AGG": 17063,
      "CTA": 8916,
      "AAT": 27705,
      "ACT": 16475,
      "ACC": 24772,
      "GGC": 31026,
      "GCG": 38202,
      "CAC": 22369,
      "AGA": 19011,
      "ATT": 27527,
      "ACA": 19632,
      "GAG": 14202,
      "TAC": 17611,
      "TCC": 18679,
      "ATG": 25368,
      "CGC": 38319,
      "ATC": 28959,
      "GGT": 24717,
      "GTA": 17708,
      "GAA": 28119,
      "TGC": 31708,
      "GGG": 15818,
      "TCG": 23854,
      "CGA": 23729,
      "TTG": 25656,
      "CGT": 23955,
      "GTT": 27509,
      "TCT": 18361,
      "CCC": 16043,
      "GCT": 26987,
      "ACG": 24607,
      "GGA": 18859,
      "CCG": 29143,
      "CAT": 25842,
      "GAC": 18308,
      "CCA": 28846
    },
    "codon_proportions": {
      "AGC": 0.017473954849255145,
      "TTT": 0.023811785935650913,
      "TCA": 0.01792831903992782,
      "TTC": 0.01827733278525249,
      "TGA": 0.0181790918791611,
      "CTG": 0.02186571114459058,
      "CAA": 0.016281491219395858,
      "CGG": 0.01866254054861083,
      "GCA": 0.02081414565636236,
      "ATA": 0.01394439176922177,
      "TGT": 0.01266338205953011,
      "CTC": 0.009267607581871192,
      "GTG": 0.014066546580085404,
      "GAT": 0.01855525113801102,
      "TAA": 0.014900301638361006,
      "AAA": 0.023378750362748082,
      "AAG": 0.013442199769004607,
      "AGT": 0.010710197729213162,
      "GTC": 0.011772104365451,
      "TAG": 0.00579750610289313,
      "CAG": 0.022442876467877487,
      "CTT": 0.013613475032913935,
      "AAC": 0.01768530206170175,
      "TGG": 0.018305124620528343,
      "TTA": 0.014858290724571925,
      "CCT": 0.010989408725472898,
      "GCC": 0.02014261735748767,
      "TAT": 0.01363738893768618,
      "AGG": 0.011028188030508972,
      "CTA": 0.005762604728360663,
      "AAT": 0.017906344100407378,
      "ACT": 0.010648150841155442,
      "ACC": 0.01601068240589394,
      "GGC": 0.020052778634154098,
      "GCG": 0.0246907835164686,
      "CAC": 0.014457571239199156,
      "AGA": 0.01228722280068019,
      "ATT": 0.017791298828800355,
      "ACA": 0.01268858860780356,
      "GAG": 0.009179061502038822,
      "TAC": 0.011382372349838452,
      "TCC": 0.012072643979480577,
      "ATG": 0.016395890169252275,
      "CGC": 0.024766403161288947,
      "ATC": 0.01871683157566133,
      "GGT": 0.01597513470961087,
      "GTA": 0.011445065559646772,
      "GAA": 0.01817392130515629,
      "TGC": 0.020493570068064144,
      "GGG": 0.010223517451010427,
      "TCG": 0.015417359038841998,
      "CGA": 0.015336568820016843,
      "TTG": 0.016582030833425434,
      "CGT": 0.015482637535652724,
      "GTT": 0.017779665037289533,
      "TCT": 0.011867113662789383,
      "CCC": 0.010368939844895706,
      "GCT": 0.017442285083475687,
      "ACG": 0.015904039317044733,
      "GGA": 0.0121889818945888,
      "CCG": 0.01883575477777196,
      "CAT": 0.016702246679037264,
      "GAC": 0.011832858610007517,
      "CCA": 0.018643797217843393
    },
    "total_codons": 1547217,
    "weighted_codon_frequency_hz": 497752690269852.6,
    "amino_acid_frequencies": {
      "S": {
        "count": 132240,
        "total_frequency": 6.433748394479968e+19,
        "average_frequency": 486520598493645.5,
        "proportion": 0.08546958829950808
      },
      "F": {
        "count": 65121,
        "total_frequency": 3.512743369745112e+19,
        "average_frequency": 539417909698117.6,
        "proportion": 0.0420891187209034
      },
      "*": {
        "count": 60151,
        "total_frequency": 3.067505054712805e+19,
        "average_frequency": 509967424433975.3,
        "proportion": 0.03887689962041523
      },
      "L": {
        "count": 126794,
        "total_frequency": 6.55209680920538e+19,
        "average_frequency": 516751329653247.0,
        "proportion": 0.08194972004573373
      },
      "Q": {
        "count": 59915,
        "total_frequency": 2.7013319983802126e+19,
        "average_frequency": 450860719082068.4,
        "proportion": 0.038724367687273345
      },
      "R": {
        "count": 150952,
        "total_frequency": 7.528238603961834e+19,
        "average_frequency": 498717380621776.06,
        "proportion": 0.09756356089675851
      },
      "A": {
        "count": 128558,
        "total_frequency": 6.393368295276913e+19,
        "average_frequency": 497313920197647.2,
        "proportion": 0.08308983161379431
      },
      "I": {
        "count": 78061,
        "total_frequency": 3.777687490017676e+19,
        "average_frequency": 483940442732949.3,
        "proportion": 0.050452522173683456
      },
      "C": {
        "count": 51301,
        "total_frequency": 2.7862240273535033e+19,
        "average_frequency": 543113005078556.6,
        "proportion": 0.03315695212759426
      },
      "V": {
        "count": 85195,
        "total_frequency": 4.799638879008877e+19,
        "average_frequency": 563370958273241.0,
        "proportion": 0.055063381542472714
      },
      "D": {
        "count": 47017,
        "total_frequency": 2.3964613403999203e+19,
        "average_frequency": 509701031626841.44,
        "proportion": 0.03038810974801854
      },
      "K": {
        "count": 56970,
        "total_frequency": 2.5750026449839337e+19,
        "average_frequency": 451992740913451.6,
        "proportion": 0.03682095013175269
      },
      "N": {
        "count": 55068,
        "total_frequency": 2.4596683747100893e+19,
        "average_frequency": 446660197339669.0,
        "proportion": 0.03559164616210913
      },
      "W": {
        "count": 28322,
        "total_frequency": 1.70076347871717e+19,
        "average_frequency": 600509666943425.6,
        "proportion": 0.018305124620528343
      },
      "P": {
        "count": 91035,
        "total_frequency": 3.9158613332281524e+19,
        "average_frequency": 430148990303526.4,
        "proportion": 0.05883790056598396
      },
      "Y": {
        "count": 38711,
        "total_frequency": 1.9025425720745357e+19,
        "average_frequency": 491473372445696.5,
        "proportion": 0.025019761287524634
      },
      "T": {
        "count": 85486,
        "total_frequency": 3.7582155354090725e+19,
        "average_frequency": 439629358656279.7,
        "proportion": 0.05525146117189767
      },
      "G": {
        "count": 90420,
        "total_frequency": 5.150622887525583e+19,
        "average_frequency": 569633143942223.4,