{
  "test_results": {
    "dna_sequence": {
      "description": "Repetitive DNA sequence",
      "data_type": "dna",
      "data_size": 12000,
      "compression_results": {
        "original_size": 12000,
        "algorithms": {
          "gzip": {
            "compressed_size": 54,
            "compression_ratio": 222.22222222222223,
            "compression_time": 6.318092346191406e-05,
            "space_savings_percent": 99.55000000000001
          },
          "bz2": {
            "compressed_size": 52,
            "compression_ratio": 230.76923076923077,
            "compression_time": 0.0012087821960449219,
            "space_savings_percent": 99.56666666666666
          },
          "lzma": {
            "compressed_size": 116,
            "compression_ratio": 103.44827586206897,
            "compression_time": 0.006610870361328125,
            "space_savings_percent": 99.03333333333333
          },
          "zlib": {
            "compressed_size": 42,
            "compression_ratio": 285.7142857142857,
            "compression_time": 2.5272369384765625e-05,
            "space_savings_percent": 99.65
          },
          "frequency": {
            "compressed_size": 88,
            "compression_ratio": 136.36363636363637,
            "compression_time": 0.0005376338958740234,
            "space_savings_percent": 99.26666666666667
          }
        }
      }
    },
    "english_text": {
      "description": "Repetitive English text",
      "data_type": "english",
      "data_size": 22500,
      "compression_results": {
        "original_size": 22500,
        "algorithms": {
          "gzip": {
            "compressed_size": 145,
            "compression_ratio": 155.17241379310346,
            "compression_time": 6.794929504394531e-05,
            "space_savings_percent": 99.35555555555555
          },
          "bz2": {
            "compressed_size": 156,
            "compression_ratio": 144.23076923076923,
            "compression_time": 0.0020613670349121094,
            "space_savings_percent": 99.30666666666667
          },
          "lzma": {
            "compressed_size": 172,
            "compression_ratio": 130.8139534883721,
            "compression_time": 0.00523829460144043,
            "space_savings_percent": 99.23555555555555
          },
          "zlib": {
            "compressed_size": 133,
            "compression_ratio": 169.17293233082708,
            "compression_time": 4.100799560546875e-05,
            "space_savings_percent": 99.4088888888889
          },
          "frequency": {
            "compressed_size": 115,
            "compression_ratio": 195.65217391304347,
            "compression_time": 0.0009167194366455078,
            "space_savings_percent": 99.4888888888889
          }
        }
      }
    },
    "random_english": {
      "description": "Random English text",
      "data_type": "english",
      "data_size": 10000,
      "compression_results": {
        "original_size": 10000,
        "algorithms": {
          "gzip": {
            "compressed_size": 7328,
            "compression_ratio": 1.3646288209606987,
            "compression_time": 0.00011944770812988281,
            "space_savings_percent": 26.72
          },
          "bz2": {
            "compressed_size": 7335,
            "compression_ratio": 1.3633265167007498,
            "compression_time": 0.0006701946258544922,
            "space_savings_percent": 26.650000000000002
          },
          "lzma": {
            "compressed_size": 7504,
            "compression_ratio": 1.3326226012793176,
            "compression_time": 0.0015616416931152344,
            "space_savings_percent": 24.959999999999997
          },
          "zlib": {
            "compressed_size": 7316,
            "compression_ratio": 1.366867140513942,
            "compression_time": 9.846687316894531e-05,
            "space_savings_percent": 26.840000000000003
          },
          "frequency": {
            "compressed_size": 103,
            "compression_ratio": 97.0873786407767,
            "compression_time": 0.0005390644073486328,
            "space_savings_percent": 98.97
          }
        }
      }
    },
    "binary_data": {
      "description": "Random binary data",
      "data_type": "binary",
      "data_size": 50000,
      "compression_results": {
        "original_size": 50000,
        "algorithms": {
          "gzip": {
            "compressed_size": 7974,
            "compression_ratio": 6.270378730875345,
            "compression_time": 0.06632542610168457,
            "space_savings_percent": 84.052
          },
          "bz2": {
            "compressed_size": 8095,
            "compression_ratio": 6.176652254478073,
            "compression_time": 0.002128124237060547,
            "space_savings_percent": 83.81
          },
          "lzma": {
            "compressed_size": 7316,
            "compression_ratio": 6.83433570256971,
            "compression_time": 0.014225959777832031,
            "space_savings_percent": 85.368
          },
          "zlib": {
            "compressed_size": 8007,
            "compression_ratio": 6.244536030972899,
            "compression_time": 0.002860546112060547,
            "space_savings_percent": 83.986
          },
          "frequency": {
            "compressed_size": 104,
            "compression_ratio": 480.7692307692308,
            "compression_time": 0.0020682811737060547,
            "space_savings_percent": 99.792
          }
        }
      }
    },
    "numeric_data": {
      "description": "Random numeric data",
      "data_type": "digits",
      "data_size": 20000,
      "compression_results": {
        "original_size": 20000,
        "algorithms": {
          "gzip": {
            "compressed_size": 10052,
            "compression_ratio": 1.9896538002387585,
            "compression_time": 0.0004532337188720703,
            "space_savings_percent": 49.74
          },
          "bz2": {
            "compressed_size": 8696,
            "compression_ratio": 2.2999080036798527,
            "compression_time": 0.0010209083557128906,
            "space_savings_percent": 56.52
          },
          "lzma": {
            "compressed_size": 8836,
            "compression_ratio": 2.2634676324128566,
            "compression_time": 0.002117633819580078,
            "space_savings_percent": 55.82
          },
          "zlib": {
            "compressed_size": 10040,
            "compression_ratio": 1.9920318725099602,
            "compression_time": 0.00043272972106933594,
            "space_savings_percent": 49.8
          },
          "frequency": {
            "compressed_size": 103,
            "compression_ratio": 194.1747572815534,
            "compression_time": 0.0010123252868652344,
            "space_savings_percent": 99.485
          }
        }
      }
    },
    "mixed_data": {
      "description": "Mixed alphanumeric + punctuation",
      "data_type": "custom",
      "data_size": 15000,
      "compression_results": {
        "original_size": 15000,
        "algorithms": {
          "gzip": {
            "compressed_size": 12470,
            "compression_ratio": 1.202886928628709,
            "compression_time": 0.00015473365783691406,
            "space_savings_percent": 16.866666666666667
          },
          "bz2": {
            "compressed_size": 12545,
            "compression_ratio": 1.195695496213631,
            "compression_time": 0.0009195804595947266,
            "space_savings_percent": 16.366666666666667
          },
          "lzma": {
            "compressed_size": 12656,
            "compression_ratio": 1.1852085967130215,
            "compression_time": 0.0021448135375976562,
            "space_savings_percent": 15.626666666666667
          },
          "zlib": {
            "compressed_size": 12458,
            "compression_ratio": 1.2040455931931289,
            "compression_time": 0.00013756752014160156,